NaceCode,count
82990,829116
85599,352553
70200,337480
70220,319122
68201,277220
43211,237412
43320,230298
68203,214230
81300,202994
46190,170776
43120,169921
82300,169448
81220,161099
43222,158861
43221,153949
62200,147300
73300,137914
62020,134966
8130002,131982
70210,130770
82100,130480
4312001,129203
81210,127704
85510,127374
43331,126802
47750,126608
43910,124183
43341,120153
64210,118950
43230,118913
68110,116785
73110,116395
43332,115812
46180,115065
43990,114168
56301,114028
82110,113894
68100,112998
43291,112674
93299,112385
43310,111756
62100,111108
43212,110197
7020001,110128
49410,109785
74201,106999
7022001,106948
62010,104882
56210,102720
1500,101440
71121,100675
47716,98999
64200,97368
69101,96769
41001,96694
4391002,96458
43110,96001
43999,93437
86220,91742
62900,91508
8130001,91210
96999,91018
41201,90133
43333,89497
7010001,88438
56112,87534
62090,87002
68204,86478
70100,86290
6420011,86013
71111,85367
96099,84906
85592,84676
47521,84061
43130,83472
7311001,82629
56102,80657
43350,80527
63100,80473
47789,78772
4321102,78717
63920,78235
47120,75469
86995,75318
43390,74954
73200,74464
43343,74343
63990,74020
4332013,72627
86909,72079
43410,69084
4332001,68936
8122002,68724
8122001,68627
4321101,68552
4399402,67962
47715,67494
63110,65917
90111,63451
47910,63309
8122003,63225
4211001,63046
53200,62947
86210,62432
4321103,62255
96220,62141
4399003,61860
1610,61810
43240,61687
56111,61676
1110,61368
7330001,61140
7311003,60798
90031,60735
4712002,60654
4332003,60596
93199,60557
7020002,60259
96210,60124
4399906,60107
7021001,59541
47252,59023
74120,59006
7022002,58796
43299,58539
63910,58424
56101,57690
96022,57503
46130,57371
96021,57267
4312003,57212
4332002,56828
5621002,56186
43422,55980
74209,55914
43994,55769
16230,55590
68321,55281
4335001,55246
4791003,54854
43992,54798
42220,54796
74103,54599
41003,54477
47110,54342
4221901,53771
4339001,53748
4332011,53350
47811,53335
90201,52992
47761,52807
4312005,52744
8122011,52686
4332005,52420
74999,52400
47540,51695
4399201,51535
68121,51407
41203,51384
66300,51290
4312011,51188
58290,51135
63120,50931
71112,50764
45113,50150
4391001,50146
41101,49835
69201,49485
42110,49483
90011,49361
86951,48943
74909,48698
4323001,48475
7111103,48411
46150,48210
47241,48190
47721,47892
4342903,47751
47781,47603
4332012,47576
4329101,47443
66220,47440
25110,47417
2511001,47377
1130,46975
33140,46935
95311,46881
33120,46773
4399904,46403
81100,46119
33200,45810
68310,45805
68322,45394
47722,44602
45201,44469
9329901,44434
4324001,44377
86230,44357
68311,44141
4778402,44045
43342,43930
4342901,43655
4222002,43440
7111302,43427
4329901,43372
4332004,43343
62030,42538
4399901,42465
47279,42073
46900,42018
7311005,42009
47400,41725
4335002,41591
47711,41578
81230,40982
4331001,40907
6220001,40882
4332031,40670
68122,40272
4339002,40268
43223,40203
74111,39828
6202001,39739
95210,39666
82190,39121
41102,39110
77110,38932
1410,38696
41002,38350
81290,38007
86940,37854
47730,37643
71209,37638
4311001,37573
43995,37383
4322101,37346
59113,37169
18130,37162
66199,37162
47990,36898
4778602,36843
43421,36761
4322201,36646
47820,36341
41202,36052
42212,35881
77399,35854
4333201,35825
4334101,35659
4332006,35589
4322202,35564
90391,35353
4323002,35126
9319901,34989
43991,34946
49320,34903
46500,34665
43996,34653
4329102,34357
4399002,34317
4334201,34151
6420012,34120
90021,34082
47210,33638
47512,33551
7311006,33330
47410,33273
4399905,33139
4333101,33066
86906,32949
47770,32902
7112101,32888
5621001,32775
86905,32667
10712,32579
47714,32573
7311002,32504
45320,32367
78100,32184
4324003,32164
71113,32149
4322203,32037
47112,32027
2511003,31951
93110,31949
3312003,31942
47640,31938
9319902,31826
95314,31661
4332008,31397
7420101,31385
52250,31262
4322211,31081
45112,31063
86931,31026
3312011,31013
47251,30924
74101,30876
9622003,30796
4334202,30675
4329903,30591
45204,30244
85520,30206
47221,30090
47260,30078
4312004,30023
7111301,29874
74140,29837
9623002,29779
45310,29765
90393,29572
86904,29556
6811001,29469
47762,29413
6810001,29142
6920101,29105
9602203,29075
47784,28971
88999,28944
47712,28766
4324004,28568
70201,28468
74142,28392
75000,28307
90023,28101
4313002,28087
42990,28047
90120,27990
52210,27796
4332007,27784
33110,27768
9604003,27761
47242,27732
95100,27725
46170,27718
6820301,27693
47713,27672
95290,27568
4222001,27525
4299001,27515
46423,27434
4100101,27348
4329904,27235
4341002,27021
59201,27003
7020003,26996
90399,26989
7311004,26861
4321201,26778
4120101,26673
90032,26625
95220,26614
7022003,26589
4399601,26494
73120,26182
4323003,26140
61100,26078
4532001,26072
4100106,26024
46831,25975
69109,25945
4324006,25859
161004,25799
69202,25709
4329103,25556
1620,25467
47552,25428
46731,25389
90029,25264
47299,25244
4341001,25232
4120122,25217
78200,25094
4329912,25055
4399401,24943
46510,24938
3320001,24876
1430,24697
4755902,24678
9622001,24644
42219,24557
58190,24551
85593,24359
5611105,24347
1300,24339
95110,24258
59120,24188
47529,24107
47551,24106
45111,24066
4759902,23986
77210,23915
4213002,23829
5610105,23772
6820101,23543
4777002,23469
96230,23465
31004,23460
9602201,23358
47591,23347
46349,23315
61200,23311
5611201,23262
68312,23229
4334301,23105
47890,22967
4619001,22920
42211,22848
4341003,22829
74130,22755
74109,22754
31091,22711
52290,22693
55204,22668
3311001,22492
55203,22476
6311001,22464
18120,22262
1420,22256
4332010,22224
5610201,22197
96040,22131
77330,22117
74301,22081
4391003,22064
2200,21864
4332015,21713
46431,21696
77320,21689
4332009,21682
4341011,21676
52100,21619
46499,21576
31009,21481
25620,21458
46450,21441
74104,21408
4332014,21389
7021002,21310
47522,21297
77229,21268
46160,21246
4100103,21214
74300,21163
4399101,21088
4614005,21078
7420102,21003
95316,20992
55100,20984
47300,20885
68202,20857
50200,20744
4120111,20709
3320011,20598
49420,20583
90202,20470
46711,20454
4725201,20452
46720,20415
49330,20355
25120,20302
46389,20072
4781101,20065
1813005,20033
25530,20012
77120,19911
4332021,19829
4399001,19722
4333301,19511
85699,19508
90012,19490
4511201,19459
4511301,19384
1813013,19368
7111104,19349
4399902,19290
58110,19271
7320001,19213
7810001,19063
45206,18950
93021,18574
6820302,18543
4778911,18522
9524001,18393
59203,18388
85609,18386
59111,18382
4942003,18362
8690501,18342
4776101,18338
95240,18336
31002,18299
47791,18212
46643,18196
4332016,18095
9622002,18029
64999,18021
43993,17888
46693,17846
46424,17823
56309,17786
9522001,17779
4312002,17762
31020,17694
25999,17683
47621,17659
9510001,17588
88911,17528
4782001,17524
5611101,17514
56220,17504
59209,17470
9511001,17249
74202,17240
4775001,17200
74879,17199
33130,17145
47620,17108
59112,17067
5911301,17063
5610101,16968
9602202,16949
4941001,16868
42130,16865
4100105,16811
46480,16803
4711021,16775
46140,16774
56290,16705
79901,16664
47783,16649
93130,16621
4740001,16605
4100302,16534
4100301,16466
85120,16402
32123,16386
4741001,16377
4120302,16365
31092,16322
4120121,16292
31001,16285
59202,16232
2562001,16219
7320002,16212
4120301,16165
4618001,16109
49390,16077
45250,15967
95319,15942
95313,15921
7111101,15912
4778902,15904
6812101,15832
6811002,15751
47793,15746
6220002,15745
39000,15730
4100102,15711
31010,15685
47592,15660
6810002,15624
47530,15618
4774002,15607
220001,15577
2100,15566
4110101,15542
47810,15535
4313001,15408
7112102,15405
47792,15371
6202002,15356
4120102,15314
47639,15312
47786,15291
77299,15291
4342101,15226
1240,15226
46425,15187
46494,15178
7739201,15088
46610,15071
46496,15023
6311002,14981
47527,14917
47741,14889
47559,14882
46220,14865
77310,14863
45209,14857
46341,14841
77400,14830
4399111,14826
94999,14778
4324002,14771
45203,14767
4324005,14730
47690,14704
49310,14620
4221902,14615
47610,14559
32130,14532
4329902,14431
4329911,14396
46319,14375
4291102,14370
66191,14297
4299011,14245
7711001,14218
4221911,14205
4613001,14167
96993,14062
7020004,14038
47599,14007
2553011,13957
93192,13948
161006,13930
7022004,13883
47519,13790
4100104,13778
5320001,13773
7733002,13755
47812,13740
52461,13717
4643101,13714
47650,13693
4779101,13643
7112103,13639
46649,13632
4525005,13616
1813001,13549
16281,13521
4727903,13503
4776103,13502
52249,13494
46412,13489
4120112,13423
27402,13415
4776102,13332
46699,13272
31099,13252
47222,13233
4342902,13195
5530105,13126
7412401,13101
45421,13058
6812102,13055
59114,13036
4729903,13028
69102,13023
4399903,13020
1085001,13011
96093,12995
16291,12956
45193,12938
4110102,12865
4759201,12835
161001,12791
4211003,12771
4778101,12745
9521001,12723
141011,12695
46713,12684
42911,12669
1462,12662
46620,12657
66290,12587
7733001,12524
46460,12498
97000,12439
5611203,12435
16110,12432
6832101,12425
5310001,12424
4755101,12409
47830,12393
4525010,12375
79110,12372
130902,12305
18200,12286
47525,12281
45194,12260
4531002,12255
95312,12202
4775002,12186
5610203,12164
1199,12144
4759101,12105
5611202,12035
23700,11993
16100,11978
10720,11958
79120,11881
45402,11869
47271,11802
1301,11801
1210,11794
9529001,11755
85204,11742
2511002,11726
4771601,11705
1191,11694
4643102,11682
9531101,11662
95315,11641
42120,11620
5610202,11594
9529004,11592
9621001,11590
46442,11557
74131,11501
5232002,11490
2400,11434
47291,11417
7414201,11417
9531302,11410
45202,11404
72100,11392
16210,11323
4520101,11302
4712001,11280
33190,11272
4534002,11248
5310003,11195
7990101,11175
46231,11138
4520302,11130
52421,11129
4616001,11127
46498,11110
59130,11095
7312001,11089
4642301,11063
9602101,11033
55209,11002
45205,11000
1450,10999
4511101,10970
70120,10901
4751202,10886
92000,10878
45211,10845
1630,10806
4730002,10753
90392,10751
4322301,10747
51190,10730
4525011,10718
4644201,10703
4399004,10696
4771501,10681
7440101,10666
4791001,10665
1461,10629
71122,10622
46360,10582
4399301,10570
4634901,10537
93127,10536
46216,10533
4771101,10493
66210,10467
46471,10454
4613002,10449
6420001,10443
2512001,10442
46520,10441
4342904,10435
4399911,10430
7420201,10417
77392,10389
4541002,10366
47632,10361
47782,10344
47742,10334
4778401,10328
64190,10314
5611204,10273
47553,10250
77222,10247
4399907,10234
4779302,10229
90022,10173
32990,10164
77221,10158
9529008,10134
88101,10133
46832,10126
74991,10079
72600,10061
4542201,9942
4399931,9938
4532002,9928
37000,9917
46732,9890
13300,9885
93129,9826
5610204,9811
5221004,9789
10820,9782
45331,9774
13929,9750
4740011,9670
4771611,9654
47740,9653
47593,9646
46392,9641
46232,9633
74901,9620
4743001,9576
1250,9573
3312001,9570
94910,9540
4771201,9532
4671301,9523
47526,9511
52220,9509
4712011,9509
46473,9491
4649903,9472
4751201,9466
7111102,9441
72220,9429
4671101,9402
4519401,9359
4531001,9353
2223001,9320
52450,9316
25401,9287
95120,9265
45422,9249
2110001,9218
47787,9179
25610,9154
74112,9128
4615003,9124
4933002,9077
6820303,9035
14299,9033
74151,9024
4755901,9013
46110,9009
46370,9007
52112,8993
25501,8959
9531301,8936
14210,8918
46419,8917
6812202,8909
161002,8894
7120901,8885
9531901,8877
4799001,8850
4759901,8828
4110211,8804
111001,8803
4755301,8781
4545003,8769
32500,8766
47420,8737
4754001,8723
77223,8714
25510,8705
74105,8677
4759301,8664
46630,8659
3312002,8634
4520301,8630
50103,8617
4291101,8615
7112104,8603
85314,8599
45432,8587
4722101,8571
4520901,8567
7711003,8559
47785,8530
14199,8526
4932002,8525
46321,8504
52483,8496
9200004,8494
14130,8489
6820401,8487
46492,8463
46842,8444
47511,8434
55401,8407
4213001,8402
8123001,8336
4531006,8333
52410,8327
60242,8326
42919,8315
6820103,8294
10520,8283
70311,8276
46742,8274
35110,8239
4545002,8214
5221011,8203
6311011,8203
72109,8184
4942001,8159
7415101,8153
1290,8151
52240,8145
47523,8134
8129001,8100
52310,8096
64929,8094
5020002,8093
95250,8066
27110,8055
64910,8052
4777001,8012
46839,8008
10850,7987
5912001,7975
33170,7960
92311,7958
50400,7955
77291,7947
70203,7926
74102,7926
8699402,7926
6311012,7917
4511203,7917
6831001,7915
55301,7895
6619903,7862
68329,7831
9329905,7824
1471,7810
52441,7791
7420901,7786
46739,7784
72190,7783
9312901,7747
23410,7711
46474,7709
6831101,7658
1072002,7640
4520002,7607
55302,7599
9329921,7572
38210,7565
4521402,7559
77293,7536
6812203,7529
61900,7512
47230,7488
4776104,7468
52330,7467
6311013,7455
4110212,7436
7810002,7434
47114,7410
77292,7403
2370001,7397
45332,7386
8690506,7382
85143,7382
47113,7375
96992,7329
78300,7319
35140,7294
7911001,7276
28250,7218
38110,7167
46660,7153
47513,7113
7312002,7093
5520902,7060
1330001,7050
70111,7049
45192,7032
4753002,7025
23610,7021
96994,6977
4762101,6935
74121,6918
9510002,6890
85531,6886
11050,6885
46712,6883
53100,6867
72200,6864
5244205,6855
32400,6854
5030201,6840
4730001,6828
6920111,6817
9511002,6796
4762001,6757
1480,6750
4781201,6750
7230001,6749
6920201,6731
52498,6728
6832102,6726
7732001,6724
47430,6721
145002,6718
5010301,6717
56302,6682
5249702,6677
84114,6677
4521302,6663
1309,6662
5530203,6655
10890,6651
9311006,6650
96995,6623
511,6622
52431,6619
26200,6618
93121,6612
47524,6611
46421,6601
4542203,6594
52470,6586
4782002,6575
4783001,6574
4519301,6563
4523004,6538
6831201,6537
93022,6527
45191,6515
85144,6486
80424,6482
9311021,6465
4751301,6462
7712001,6454
1490,6442
5530101,6441
3212301,6422
29320,6421
2521013,6420
9532001,6418
4778301,6415
4540201,6415
58210,6401
5611207,6364
4727902,6359
74401,6356
2530003,6354
4683204,6335
5630101,6330
35150,6303
45340,6301
96094,6298
7012001,6287
4673204,6285
51210,6261
4740002,6260
4540204,6257
6812201,6256
6499901,6253
74203,6247
111002,6245
4769021,6244
46120,6224
55900,6219
5320011,6219
5611205,6181
4755903,6179
45450,6171
95230,6170
4741002,6154
4110201,6153
4729902,6147
7414101,6126
7311007,6123
52487,6101
4778921,6087
111005,6087
4778701,6082
5610207,6055
8123002,6050
4759903,6047
5229042,6047
9313001,6038
4542202,6034
1160,6025
9200001,6024
7721002,6022
6024103,6018
45431,6015
58130,6009
94110,5991
46491,5981
7810003,5978
4544103,5971
94120,5968
5610205,5956
52432,5951
51180,5940
8129002,5928
161003,5912
4684101,5909
4778601,5896
46422,5876
5226006,5871
85203,5865
4674101,5864
47191,5854
130901,5849
1813002,5839
86996,5834
5245002,5827
10711,5804
4774001,5784
28990,5769
13921,5744
5229043,5737
4618031,5733
2370002,5704
4542101,5701
82920,5668
46497,5666
5911201,5662
27120,5658
4753003,5653
4753001,5643
4525008,5624
96092,5623
4781202,5622
9529005,5619
13990,5616
4683101,5610
4932001,5599
4511102,5597
6832111,5596
60310,5591
7311008,5583
16220,5580
4721001,5578
72300,5575
5248701,5568
4783002,5543
29201,5543
4522004,5538
90312,5536
4615005,5529
4673101,5527
6820102,5523
45220,5515
69103,5505
2920102,5499
4522002,5498
52488,5487
35230,5475
4519302,5473
67201,5471
6832201,5471
4672001,5460
87301,5458
8690502,5439
7311011,5423
4540202,5411
96095,5377
4638907,5360
90042,5355
46841,5351
4763901,5316
52230,5310
7420103,5291
4776201,5285
46741,5266
46322,5264
4671302,5244
4614002,5243
2811001,5240
3100201,5212
4764001,5192
92313,5186
46331,5177
163001,5174
7911002,5172
4519402,5155
46391,5153
3102001,5140
45230,5133
4545004,5132
6630002,5129
51421,5097
1814001,5071
28120,5062
7729904,5049
1611001,5020
2825001,5017
9532002,5010
4221903,5004
46211,5003
4613003,4995
64921,4981
4614006,4975
2540102,4957
1813004,4954
10130,4949
5010101,4931
5225002,4928
4525001,4907
4221912,4903
14220,4902
9302203,4900
64922,4883
18140,4876
1610001,4876
112302,4871
4291905,4865
1513103,4858
161008,4856
4941003,4853
210001,4852
4751302,4848
4540205,4847
2550102,4834
7721001,4833
2370003,4800
74872,4799
51532,4799
16240,4788
7210001,4785
1813012,4784
70112,4774
23510,4771
5020003,4768
5229041,4748
74141,4737
9312902,4737
28520,4733
69203,4724
4523002,4713
7731002,4697
1121,4693
74700,4691
46730,4673
5819001,4671
28110,4664
6619904,4664
2740203,4653
4542102,4648
2441001,4647
14140,4646
52720,4643
50301,4639
27900,4631
8009001,4629
4525004,4618
9311001,4611
52241,4606
4683102,4597
4531003,4594
55300,4594
46212,4571
22240,4557
6619914,4556
4649902,4551
46472,4549
5244201,4547
7732002,4539
4753004,4531
1071201,4520
4673102,4514
90311,4512
4646001,4511
9699301,4511
45401,4497
4525003,4496
46411,4481
3100404,4477
82200,4474
46810,4473
4753011,4467
3100901,4454
8552001,4454
7490901,4449
4614004,4434
20420,4431
45441,4426
6832202,4415
1621002,4410
46495,4410
2540101,4406
1280,4405
33150,4399
3109121,4396
4542103,4394
7414202,4394
46710,4393
7711002,4387
4711201,4381
90041,4378
52425,4376
52442,4362
4615001,4362
15120,4356
3109901,4355
51900,4349
4212001,4347
46432,4342
1479,4338
1072001,4337
4672002,4329
26110,4326
45410,4320
2361001,4317
2550101,4313
88912,4306
77224,4305
4615002,4304
23650,4282
9609301,4271
59140,4264
51100,4262
5010401,4262
3100403,4252
4525012,4246
94991,4241
210003,4238
2830004,4234
60100,4231
22220,4223
85591,4223
85146,4214
4769011,4212
161007,4193
28300,4189
80090,4187
72101,4177
113003,4172
3109111,4166
72210,4165
28299,4164
5020004,4161
4521101,4159
52260,4157
4763001,4151
4211002,4132
4933001,4128
96301,4122
5811001,4120
15812,4113
72400,4112
2711004,4082
45212,4082
45213,4075
5153104,4070
4618034,4059
1621001,4055
113011,4041
55522,4034
74855,4027
93053,4027
4779301,4012
88994,4006
22230,4004
9302201,3996
96031,3996
4615004,3990
4772201,3988
4521501,3979
58140,3977
5520301,3971
72110,3959
70204,3954
80200,3946
46861,3944
6820402,3944
4532003,3940
4783003,3936
3100103,3930
7470003,3930
7739901,3926
46836,3926
88919,3923
52489,3914
85130,3906
4721002,3897
6619902,3894
4615008,3892
52423,3887
1472,3884
3101011,3880
2920101,3880
2365002,3877
141001,3876
5520302,3873
7250001,3860
4542204,3859
1812001,3857
2551003,3857
4942002,3847
4540203,3841
2553001,3839
4727901,3838
46761,3836
7415102,3829
4622001,3828
45215,3822
46736,3821
50302,3818
7134005,3813
20300,3801
4765001,3799
4641101,3798
4721011,3791
5510001,3788
2365001,3781
2561005,3775
82400,3774
96102,3773
9311002,3771
2561004,3762
72500,3759
46441,3754
4755102,3750
85311,3742
5912002,3727
3320002,3727
52426,3725
4645001,3723
2825002,3721
60200,3711
52484,3708
141009,3701
10111,3698
4772101,3697
4729901,3691
4759102,3675
52271,3668
65231,3653
1072003,3652
38330,3649
51430,3641
70312,3638
10392,3634
4638902,3630
93040,3629
5244202,3626
22260,3626
88109,3621
96012,3621
77226,3620
28220,3618
80010,3608
25210,3607
6910901,3606
1421002,3603
70321,3595
7020101,3591
38219,3588
77294,3584
23660,3582
93291,3578
50101,3575
4684202,3572
51450,3558
85200,3547
77393,3545
9311013,3531
7731001,3526
4674202,3525
5232001,3524
124001,3522
4752101,3518
7412101,3516
47111,3516
23310,3511
4755103,3505
47554,3504
4531004,3484
52482,3484
70322,3483
23690,3482
46381,3480
1413011,3472
4724101,3469
5920301,3463
150001,3463
4759103,3459
47630,3459
4521201,3458
7320003,3456
4618035,3455
4664301,3454
7414001,3453
80421,3451
46382,3425
3299004,3421
4643103,3410
14240,3409
5913003,3408
7112106,3394
7320011,3391
7410501,3388
46833,3386
74502,3382
1628102,3379
910002,3375
46851,3369
3100402,3363
5530202,3362
4615009,3358
1628108,3357
11020,3348
11010,3334
77225,3331
10320,3330
47788,3329
1629102,3325
38322,3322
5920302,3318
84115,3318
1629108,3315
9312904,3311
14110,3310
46820,3305
46733,3296
3109102,3296
77394,3282
7020302,3282
4649402,3280
46751,3272
46214,3270
71201,3265
23630,3262
4751303,3262
4649411,3260
46493,3259
87202,3258
7112201,3248
4618011,3248
1071102,3243
7414002,3242
70113,3241
52496,3241
46311,3233
21201,3229
1628103,3228
119101,3223
3100401,3219
4521102,3216
22290,3214
74852,3210
4641102,3203
4683601,3202
4673601,3181
29202,3181
1629103,3177
3109101,3166
2852002,3161
85323,3161
7410502,3155
2012,3154
46433,3153
6499905,3152
51474,3150
4519201,3149
25991,3149
52485,3148
7020301,3147
4941005,3141
4614001,3139
1628101,3135
4641201,3135
9329904,3124
4778102,3123
5911302,3121
85532,3108
122003,3101
26510,3099
7729201,3098
201201,3096
1629101,3095
26400,3090
86910,3086
28410,3084
7729101,3081
23200,3080
51840,3061
1220,3060
10510,3055
32200,3050
7722401,3047
4941011,3036
4299012,3035
5224901,3027
9329912,3021
7011101,3015
26300,3014
5913001,3010
6920102,3009
7912002,3004
4642302,3001
1392901,2987
2822006,2982
46332,2974
3100104,2971
4712021,2970
2821001,2970
91310,2963
92622,2960
10391,2959
3213001,2957
7912001,2955
7729402,2954
2361002,2953
77391,2943
87101,2938
86901,2937
4641103,2934
93123,2932
51476,2929
3101012,2917
4542104,2903
93211,2895
80100,2894
65210,2893
74851,2892
52630,2890
5144202,2883
4781001,2877
4671201,2874
4531007,2872
4726001,2870
7739902,2861
45433,2859
85201,2858
4534005,2857
24200,2855
65121,2847
1628104,2841
14100,2833
4774201,2832
4751901,2829
6523601,2828
52740,2818
5911101,2818
1629104,2814
7440103,2812
10830,2812
5913002,2812
65112,2810
84112,2810
30920,2804
84302,2803
4519101,2803
2331001,2798
4778201,2797
7721003,2795
52623,2794
20411,2793
1082002,2793
6621001,2791
6619913,2780
51310,2778
32121,2768
1628107,2768
77340,2767
7220001,2766
77295,2758
4525002,2757
4522001,2756
51340,2752
71100,2751
4941004,2748
7420104,2745
45120,2745
113002,2745
6820201,2743
1629107,2742
94992,2731
10120,2729
4683201,2726
4719101,2722
91330,2722
7470002,2706
94994,2705
4681002,2695
32300,2695
4673201,2694
7470001,2693
5911402,2691
4618012,2691
52422,2689
4639201,2675
4939001,2673
74122,2670
21209,2664
85321,2664
4671002,2658
46869,2656
2572001,2655
111003,2650
4778501,2645
5530201,2630
7012002,2621
46650,2616
4519202,2613
64120,2608
4525007,2607
36000,2605
4684201,2601
9529003,2601
2551004,2591
3614103,2591
91110,2590
6622001,2587
4674201,2582
4350001,2581
46872,2578
5248302,2569
1813003,2562
1628105,2561
80104,2556
38329,2550
13100,2547
4771401,2544
4617001,2544
4633101,2540
82910,2536
2561006,2536
14390,2535
1629105,2534
65122,2530
20590,2528
14291,2524
1813011,2519
9699401,2517
4789001,2515
35130,2514
25402,2509
4399921,2508
5225001,2505
4542105,2499
161005,2496
1611003,2496
26700,2495
4521202,2493
93122,2490
5241002,2490
4711001,2483
162004,2478
10110,2476
1610003,2475
5020001,2474
65111,2474
51477,2472
93292,2471
4521503,2466
2825003,2463
50500,2460
7722911,2459
86907,2459
23120,2453
1628106,2453
5911401,2449
93191,2449
4521301,2448
6619901,2442
94993,2435
1629106,2431
51475,2429
4291901,2429
1612001,2427
46350,2424
4525006,2423
7112105,2419
77350,2418
74811,2418
5154101,2418
111004,2418
29100,2418
13910,2418
51471,2416
25502,2413
4511204,2413
52424,2411
162011,2411
9609401,2408
3100105,2407
1610004,2406
4771301,2398
4534004,2396
4616002,2395
4711101,2391
79909,2391
28210,2386
7120905,2380
1232,2379
5143001,2378
4291902,2376
3101021,2373
46835,2372
5222001,2372
7739904,2367
11040,2364
7729901,2360
58120,2355
51130,2347
6619911,2329
4525009,2328
4522003,2327
51478,2325
2042002,2323
92611,2321
8699501,2320
22250,2320
46735,2304
88992,2302
5274004,2300
77220,2297
7414203,2287
11030,2286
5248304,2285
1231,2273
22210,2271
23450,2270
4291903,2269
92312,2263
2811002,2263
51871,2262
4673001,2262
1422001,2261
9031202,2251
4671202,2246
4941002,2244
88996,2241
74877,2240
94200,2240
46323,2236
14191,2235
210002,2234
87109,2232
4540102,2230
7420105,2221
6120003,2217
92340,2216
2221001,2214
4512002,2212
46772,2210
52497,2210
26120,2209
3100101,2206
9610202,2206
1414001,2203
27510,2201
5226004,2200
1071101,2198
1611002,2198
13960,2193
9004202,2192
10910,2192
4519102,2189
47594,2183
52272,2181
1610002,2178
7120903,2176
4782003,2175
46769,2168
3101001,2167
5143002,2165
5141003,2158
1421001,2156
77296,2149
93126,2145
4762102,2143
7491001,2135
8690901,2132
5229031,2130
9623001,2127
7011102,2127
1429901,2126
25220,2123
84242,2117
4531005,2112
7112203,2112
3299005,2111
3100102,2111
25720,2111
13930,2110
9609201,2109
51410,2109
14230,2104
148003,2102
4542205,2094
141002,2091
5244204,2091
9601202,2087
51422,2084
4762002,2078
5248101,2078
1260,2077
4631901,2077
9604002,2076
1413001,2075
32124,2074
5913004,2073
3101002,2071
9529002,2065
99000,2058
5611103,2057
4541001,2055
4618021,2048
1419901,2047
2852001,2043
13200,2037
6391001,2035
7120902,2031
92621,2030
10860,2028
14120,2028
5610103,2027
2599905,2021
4769001,2020
7210901,2017
11070,2016
2751001,2010
9200003,2008
8292001,2006
5630201,1999
7112202,1999
15200,1997
149003,1994
18110,1992
21100,1990
1814002,1990
9529006,1990
4673003,1986
80103,1986
4540101,1986
96910,1982
4759401,1981
2620001,1978
2552002,1975
5914001,1973
5245001,1968
5010001,1961
7219001,1959
2711005,1956
46647,1955
1820001,1951
5244103,1950
2561007,1950
4540104,1947
1270,1944
1612002,1939
2599914,1934
4683302,1933
85104,1932
5241006,1927
49200,1923
38323,1919
51531,1913
7420302,1912
1610011,1912
7210002,1912
4643201,1910
10810,1905
1624001,1903
46697,1902
60241,1901
4673311,1899
51150,1897
27401,1896
36141,1895
7729301,1894
52114,1894
8292003,1892
51850,1892
4521504,1891
10840,1890
32129,1889
50100,1885
5231001,1884
51321,1882
2030102,1875
52622,1874
5020006,1869
25290,1865
96101,1862
93293,1861
6120004,1860
46383,1855
4291904,1853
7110001,1853
87302,1852
23490,1851
2011,1846
3613001,1845
2551001,1843
71340,1840
16282,1839
4544102,1835
38120,1830
3092001,1828
45442,1825
7722913,1825
5233001,1821
5249803,1819
2561001,1818
5229032,1817
46646,1815
24100,1812
5210002,1812
52501,1807
66110,1805
22110,1805
5153204,1804
5040008,1803
4544201,1801
86920,1797
9031101,1796
1052001,1795
2552001,1791
86999,1791
7230002,1787
29322,1782
46696,1777
4649901,1772
51230,1771
1611004,1770
7729903,1768
2561003,1766
51220,1762
16292,1761
52502,1760
96011,1759
1610005,1758
5611206,1754
1582002,1753
51872,1751
4752111,1751
5210011,1748
9004101,1747
70202,1746
7729601,1739
28930,1737
4646002,1734
4618033,1731
84120,1731
94995,1730
52492,1729
5221002,1727
9234002,1719
4545001,1717
86903,1710
4534001,1707
2825004,1706
8553101,1705
141012,1704
5610206,1701
5233002,1697
4524102,1689
4615007,1688
20140,1685
6920112,1685
75114,1683
17210,1674
4618032,1673
55202,1667
5226005,1664
7031,1664
4533102,1663
4612001,1660
4638904,1660
4523005,1657
4649201,1655
32122,1652
88993,1650
119103,1650
38321,1649
5247001,1648
6920202,1647
2712001,1646
5121004,1643
4773001,1643
4615006,1640
2420002,1637
3212302,1634
52462,1628
5153101,1627
148001,1623
5229033,1620
4644101,1619
7440105,1618
46644,1618
2225003,1616
4639101,1616
29310,1615
6523,1612
52320,1611
2712002,1611
2825005,1607
3092002,1604
10200,1604
4649601,1604
5241003,1602
92724,1600
4939002,1598
20412,1598
74124,1595
6920113,1594
7420301,1594
25930,1591
4544101,1589
51460,1588
84130,1584
51441,1577
2224002,1575
1013002,1573
46694,1573
3821011,1571
2300,1571
146201,1568
121001,1563
6920203,1561
7810005,1559
5110005,1558
91011,1557
51561,1555
9529007,1554
4684102,1552
4521502,1552
51873,1551
3832201,1548
2551002,1546
66129,1539
4727101,1537
5142103,1533
6630001,1532
4673002,1532
36100,1531
2561002,1531
5110014,1530
5147803,1527
4674102,1526
9031102,1524
60212,1522
1123,1522
9699901,1521
7481101,1520
7810011,1517
86101,1510
149001,1509
51810,1509
4641901,1508
74501,1508
113004,1507
4729101,1507
3317001,1507
4711011,1504
6010001,1502
51170,1500
92623,1497
50104,1496
1122,1493
4540103,1492
17230,1492
5244101,1488
33160,1487
9004102,1485
93125,1484
2811003,1480
51384,1479
85313,1479
52621,1478
51160,1472
74302,1468
84309,1467
63303,1461
45500,1459
51472,1459
46645,1457
63401,1455
4649401,1455
28420,1453
17250,1450
38213,1449
5222002,1448
92613,1446
65120,1441
50102,1436
36130,1435
71210,1434
7440301,1432
5310002,1430
5141001,1429
5020005,1428
93124,1426
4686102,1425
10311,1422
4950002,1422
46695,1421
113012,1419
1624002,1418
28490,1417
4638901,1415
7032101,1413
5248301,1412
1082003,1411
28150,1408
25910,1407
5248702,1407
35120,1405
4711211,1405
4685201,1403
9609901,1402
7440106,1402
4676102,1399
5223002,1399
63122,1398
4621101,1398
51880,1396
1120002,1389
50300,1389
5248602,1388
71320,1387
4675201,1385
85103,1381
3150203,1379
61300,1376
55201,1374
9610101,1369
5224101,1367
3299009,1367
1700,1366
141006,1357
3299021,1355
6120002,1355
145001,1353
2840101,1350
2790002,1350
119102,1347
9610104,1347
9111004,1343
60220,1339
4683203,1338
5134001,1338
92400,1333
28401,1332
25920,1329
46852,1327
92331,1327
9601101,1323
7413101,1323
65200,1322
4681001,1322
23130,1320
5552202,1318
6120001,1318
4673203,1318
91220,1317
240002,1315
4755401,1314
51510,1312
1512001,1311
23150,1311
4671001,1311
2620002,1310
9529010,1305
9101104,1305
55101,1304
7133001,1304
3612201,1304
113001,1301
3220,1300
4778801,1295
91030,1295
46240,1293
9529009,1291
5224102,1290
88995,1288
51640,1286
17290,1286
5611104,1284
9121001,1280
5143003,1271
2920203,1271
9122001,1268
46752,1267
51360,1266
74402,1266
1230,1263
9102001,1263
23190,1262
5610104,1261
9103001,1260
4534003,1259
51140,1257
51442,1257
1013001,1256
2920211,1256
240001,1256
2042003,1256
9529011,1252
45242,1251
9529021,1251
92114,1246
46213,1242
10610,1242
7450101,1241
2790001,1239
85315,1237
20160,1236
86952,1236
9262101,1234
5147802,1232
10920,1230
7011301,1229
25639,1228
7911003,1224
2521001,1222
45241,1220
9609501,1220
7810006,1219
5227204,1218
9601104,1218
80214,1213
27320,1210
4755402,1208
52710,1208
128001,1204
5010302,1203
5245003,1203
2790012,1201
52481,1201
52486,1198
45214,1197
28755,1196
5114005,1195
162003,1195
3212901,1194
6024201,1193
71408,1193
25739,1192
7810021,1192
1624003,1190
2030106,1189
4684103,1187
7420106,1186
46834,1185
85324,1185
92113,1185
4778802,1185
5622001,1184
2852003,1184
6713004,1178
2599901,1178
67130,1176
10730,1176
1039202,1175
4674103,1175
52122,1173
5552201,1172
84250,1171
9610102,1168
4511202,1167
63301,1167
96991,1161
25300,1161
4512001,1157
7112204,1154
4778901,1154
46641,1153
8891101,1153
4764002,1153
5229001,1151
64310,1151
4638903,1149
9523001,1149
1107002,1148
5629001,1147
6492203,1145
5244206,1144
7440104,1144
51392,1143
9601102,1142
67120,1141
9630102,1141
9262301,1141
7739903,1137
67202,1137
84111,1136
8699401,1136
71403,1130
6720,1130
7020303,1129
4638905,1128
4763902,1128
51542,1123
2711001,1123
71330,1122
51520,1121
47192,1120
55232,1119
9603102,1119
5040001,1113
67203,1113
35220,1112
5272001,1112
8111,1108
23110,1108
1012002,1107
96091,1106
90130,1105
9142001,1104
46691,1102
64300,1102
6492101,1098
8690503,1097
46879,1096
4642501,1096
14310,1096
9240002,1095
36111,1095
23620,1094
49500,1094
6629001,1093
90010,1088
51541,1086
20101,1085
9104201,1084
88102,1083
811101,1082
1640,1081
5153202,1079
2120101,1079
5151003,1079
4791002,1076
8690505,1075
22150,1075
6499904,1075
26520,1074
7112111,1066
20301,1066
17120,1065
4544202,1064
5040005,1063
7020401,1063
9630103,1058
46779,1056
64110,1053
162001,1051
23322,1051
4683202,1050
7440102,1050
1820003,1049
5920303,1048
9630101,1048
86109,1048
9603103,1040
51550,1040
8230001,1040
93031,1038
4673202,1037
7470004,1037
4633102,1036
5249801,1035
63112,1034
87991,1034
5141005,1033
51860,1032
7011303,1030
18221,1030
1820021,1028
9603101,1027
1082001,1021
87901,1020
5920311,1015
1820002,1015
9610201,1014
1083004,1014
9311003,1013
5113001,1012
91420,1011
2813001,1010
92111,1006
85326,1005
141003,1004
4779102,1004
2790011,1002
3315004,1000
84231,1000
7032102,999
87999,998
1101002,998
51370,997
4638906,995
1820011,992
36630,991
3299007,989
2561011,983
91042,982
5210001,981
38320,980
9311011,978
5030202,978
9601201,978
33103,975
7729401,974
85401,974
5146002,974
4634101,972
8553201,972
4686101,971
27330,970
1392102,967
28130,967
9312903,965
22140,963
4712003,959
5530204,959
28295,959
9302202,959
74114,958
5226001,957
4612002,957
55521,955
7414204,953
38222,951
4299013,951
4676101,949
20510,949
85421,948
22120,947
2840102,947
8001001,944
63210,943
112301,943
9610103,941
91210,938
25940,934
5229011,933
28920,932
94920,932
7722101,930
5110006,930
73100,930
6512106,929
6220004,929
87909,928
6330101,926
74152,925
9122002,925
36122,925
28230,923
5611102,922
1011001,921
4544104,920
30110,920
35300,919
93210,917
9103002,914
1013011,914
7414102,913
7729102,912
5010303,912
6713003,912
56120,907
5141002,907
66120,907
9601103,907
5248402,907
5110015,907
71310,907
4725202,906
5610102,903
4791004,901
64991,900
8010001,900
4685102,899
85206,897
46648,897
69209,895
7032202,895
55510,894
28291,893
7032201,890
7011302,889
46640,889
7120904,888
93212,888
2224001,886
6321005,886
1241,885
4524101,884
1330002,881
1392902,880
38211,879
27200,877
4675102,877
46215,877
5813001,876
3212401,874
4683301,871
5272002,870
2823001,870
2341002,869
148007,863
1811001,861
15110,861
5040002,861
91120,859
1039201,858
2020,856
4673301,855
26600,854
3710001,852
2812001,852
2863001,850
91020,850
5248201,849
2042005,848
3600001,847
2420001,846
5244203,845
20200,844
7729501,843
46642,843
6512102,842
9252003,841
30120,840
5245004,840
1102001,839
149007,839
23420,839
4711301,839
1083001,838
30990,838
3315001,838
2363001,837
3240001,837
30910,835
122002,833
88104,831
6024102,830
7734001,830
3611103,829
5115003,828
7020103,828
46692,825
5142101,825
23990,825
92112,824
7735001,823
5050002,821
1089001,821
5510002,820
6411001,820
1085003,818
10410,817
88991,814
75302,812
60230,811
5030101,810
28940,809
5226002,807
24520,805
3110,804
92322,803
52113,803
5151001,801
4774003,799
2341004,798
5510011,796
1085021,794
3240006,794
10393,793
63406,792
2313004,791
46734,791
5143005,790
9261303,790
1051005,788
8553102,788
5229012,787
2562002,786
6020001,786
7120907,786
8292002,785
3821023,785
4711401,784
5244102,783
74123,783
15520,781
1083011,781
5241001,781
1512003,781
5274009,780
141004,780
7413102,779
4312006,777
9141001,777
5153201,776
6512104,775
2042001,771
2572002,771
8210001,770
86961,769
55220,769
5143004,769
3250007,769
85207,768
52111,767
1101001,767
2030103,766
3832903,765
38310,765
85691,764
51110,763
4520001,763
1396002,763
2366001,763
86939,763
2593001,762
1392103,761
85409,761
74601,760
20150,760
52116,759
1089004,757
6512108,757
4523001,757
2120104,757
3250004,756
85601,756
4939011,756
28910,755
141010,755
87992,755
80422,754
20530,754
8219001,754
6499902,753
2341001,752
3250023,751
5248303,749
2670001,749
9200002,749
1089003,748
1089011,748
9262302,747
51820,747
7420303,747
2341012,745
7011304,745
9104101,745
142005,744
3240005,744
24420,743
4312021,743
1392101,742
4682003,739
7810004,738
87201,737
85429,737
3250011,736
22130,736
85402,736
92510,736
4614003,735
2822001,735
7250002,733
7722902,732
7420304,732
3162102,731
28510,731
5050001,730
5248801,728
85422,727
4611001,726
87902,725
2369001,724
3613002,724
6512105,723
2120103,723
3250006,722
5116001,722
3250005,721
5221003,721
4524205,720
7722002,719
5250202,719
6512109,718
1399002,717
13950,717
43213,716
74132,713
52730,713
30310,712
5115001,711
43429,710
22310,710
5155002,709
9252001,708
5530205,707
3250022,701
3250021,701
2332203,700
47920,700
63111,698
25631,697
28240,697
23640,696
9031201,696
4312007,695
2225002,694
4672003,693
7739101,693
15811,692
30300,691
85325,691
1039101,691
1031104,691
5010201,690
7133002,688
7911004,688
3315011,687
9004201,685
7134001,685
88106,684
4931001,684
5247002,682
25731,681
2320001,680
5248401,680
4632102,677
5223001,676
6712003,674
22330,674
6491001,671
5274005,671
15840,670
51381,670
51570,669
2920103,668
5248802,666
2830002,666
2332212,663
7140805,663
4312022,661
9272402,656
24510,656
1086001,656
4682002,656
5110001,656
5520201,655
36223,654
91200,653
72,653
92321,652
1051009,651
36142,650
46871,650
6512101,649
5010102,647
1723001,647
60243,646
112201,644
2910001,644
3162101,644
4779303,642
4769022,641
2030104,641
6512103,639
1140,638
92520,637
37100,637
2822004,637
3614101,637
2661001,636
24450,634
24430,631
2732001,630
91410,630
5274001,629
74812,628
55402,628
1511101,627
1396011,626
2851005,626
28960,625
146101,625
6619908,625
65236,624
46771,624
4723001,624
9211301,623
71404,623
80101,622
7722901,622
36221,621
6619912,621
88103,620
6619918,620
2660001,619
5814001,619
5156102,617
6512107,616
25710,615
3230003,615
47115,614
85205,614
7722001,613
162002,613
85322,612
28140,612
8122,611
9525001,610
1011002,610
1061003,610
4778702,609
3821003,608
17240,608
3821002,608
5110002,607
23440,607
4931002,605
5530001,603
24530,603
7440201,602
8553202,601
17220,601
85110,600
8112,600
13940,597
24410,597
3614102,596
2931001,596
5811002,596
91041,596
3831012,596
5249701,594
5154202,593
4931011,593
5040007,593
2821002,592
3831011,591
4676903,589
5811003,589
2223003,588
2522001,588
14200,587
2652001,587
23140,587
5227202,586
2529001,585
5110011,584
26610,584
9699904,582
22190,582
9301101,581
96302,579
27520,578
35210,578
2523001,577
1020002,577
80300,577
27310,576
4931003,576
20130,576
28296,575
3821004,575
5274006,573
87209,573
7120906,571
5530207,570
51473,570
96032,568
6713001,568
7990901,568
87203,567
5030102,566
6340601,565
6020002,565
29230,565
5121001,564
22320,564
1032001,563
71401,562
3011003,562
8532901,561
3831013,560
65300,559
71402,558
5040009,558
4632101,558
1103001,557
141008,556
9271001,555
3821022,555
9609921,554
4931012,554
64923,554
17402,552
7132001,552
2640002,552
2120102,551
7440203,551
3240003,551
34201,550
3832902,550
1082004,549
3250003,548
51331,546
5590001,546
52610,545
2611002,545
5113003,544
5010402,543
5040006,543
84113,542
30020,541
2041101,540
49110,539
4524201,537
1393001,537
6420003,537
93011,537
5914002,536
2923001,535
86104,534
2733001,533
2640003,533
2349001,532
93012,531
24540,531
6499903,531
2932201,529
7440302,529
63405,526
49100,525
1440,524
3315003,524
4649801,522
5010202,522
3250001,521
93128,519
4521401,519
2920201,518
86963,518
2821011,516
1084001,516
3611101,515
23430,515
2923002,514
5115005,512
31502,511
88105,511
1512002,510
11060,509
10312,508
1562008,507
3299006,506
1120,506
71406,505
85319,504
9610203,504
4523003,501
95000,501
6492201,500
47631,500
5115002,499
51322,498
9610105,497
37200,496
7481103,496
9301102,496
6511201,494
87304,493
3120,493
9601211,492
36610,492
18222,491
36121,491
1012001,491
5523202,491
86932,490
65222,490
92202,490
4686901,489
38230,489
2599101,486
2540201,486
65221,485
19200,485
45200,485
6340603,485
2550201,484
4676901,483
2899002,483
1051004,482
921,481
1039203,481
9601105,480
80211,480
1039102,480
1051008,479
2932202,479
4677201,479
28293,478
201101,478
3212101,477
31003,477
2221002,475
80411,475
38212,475
55102,474
87205,473
2740204,473
6120005,473
128002,472
5248601,471
3530001,471
5249301,471
9900,468
15820,468
3240002,468
3220005,467
84301,467
5250,466
2920104,466
2711003,464
2225001,464
7430201,464
31030,463
1012003,462
38221,462
2611003,462
128011,462
1721001,461
1150,461
2030101,460
3210,460
322001,458
6411003,457
2030105,456
41000,456
9100,456
5010103,456
5114006,452
74875,452
4673401,452
6340602,452
84220,452
28292,451
5520901,450
5133101,449
51120,448
63404,448
2740201,448
9252002,447
2211001,445
5154201,444
15131,442
63121,442
60390,441
1020001,441
7220002,440
9329101,440
93052,439
2042004,438
84119,437
74853,435
201103,434
74113,433
9111003,432
9271004,432
2920111,432
74854,432
3530002,430
4638301,430
74871,430
85316,430
3011002,429
3220001,428
61,428
28294,428
1104001,428
128003,426
24330,426
7132002,425
9101103,424
4686903,424
85329,423
95002,423
1411,422
2910002,421
9234001,420
5227201,420
6022002,419
9329301,419
7460102,418
128021,418
4676911,418
85312,417
2752001,417
145003,417
3612202,416
5113002,416
92201,416
23321,415
15111,414
7020402,413
7020102,412
1740201,412
1721004,411
9212001,410
2563903,410
2313003,410
2059001,410
5226003,410
5110004,409
28950,409
9329201,408
5040004,407
4685101,407
321002,406
75120,406
3720002,406
25240,404
2573903,403
2591001,403
87309,403
2893003,402
43214,401
51562,401
18244,401
9211401,400
5229021,400
7131002,400
2041201,400
1051001,399
9630104,399
4682001,399
2892003,398
92710,398
4675101,397
2630002,397
7110003,395
5142102,393
24440,393
2041202,392
1084003,392
812201,392
1089002,392
51391,390
92120,390
31100,390
86994,388
7470005,388
30200,388
2010101,388
29220,388
3663015,388
3110001,387
9603104,387
5110013,386
1061001,386
9251005,385
521,385
26630,385
5115004,385
7722912,384
5010203,382
92722,381
2315003,380
6523606,380
2899001,380
2822005,380
2670002,379
74878,377
3315002,376
3330002,376
141005,375
7729902,374
2110002,374
64202,373
2059031,372
5145001,372
2226002,371
7440202,371
25230,371
28402,371
1085002,370
3110008,369
2319003,369
1429902,367
4543,367
20110,366
1085011,365
17110,365
2920202,365
9699903,364
2830001,364
2912001,364
4792001,363
28630,363
9301103,361
84239,361
7140101,361
2229002,361
3822201,360
75130,360
1073001,359
24340,359
2451001,358
3212202,358
17401,358
1396003,357
8121,357
7220003,356
1419902,356
1091001,355
1520002,355
5138407,354
9609912,354
6611001,353
3001001,353
64992,351
5248603,351
1243,351
129001,350
2226001,350
75231,349
7112107,348
2651006,348
3150204,347
3330001,346
6321002,346
9329903,344
5153205,344
2341003,343
15960,343
85141,343
9232103,343
5153103,343
5115009,343
65234,343
2740205,342
6010002,341
5227203,341
1419101,341
2829501,340
5147801,340
5114002,340
5114004,340
23520,340
3091001,338
2599903,338
2711002,338
9329911,337
10620,337
1107003,336
2611001,336
84249,335
2599912,335
63220,335
3420102,334
8990,334
2971001,334
2229001,333
85209,333
2312001,333
2341011,333
1083003,331
86103,331
5145002,331
311001,331
7450102,330
2593002,329
5222004,328
2670012,328
4763101,327
2910003,327
9630203,327
2815002,326
2680002,326
4621102,325
5248102,325
5040003,325
8010003,323
2016001,323
9603203,323
2010103,322
24320,322
6420004,321
24310,320
20600,320
2720001,320
111011,320
2599904,319
1721002,319
18230,318
6021201,317
148002,315
3092003,315
3092011,314
1051002,313
3299003,312
2399002,311
6340501,311
149002,310
2599913,310
9630201,309
5132201,308
2830005,308
2214001,307
6619906,307
2822003,306
80423,305
6024101,304
5261001,304
29321,303
9262102,303
3212203,303
9603201,303
3012001,303
2830013,301
5115008,301
2223002,300
52494,300
7482001,300
7131001,299
3611102,299
86997,299
6619916,299
28754,298
2651005,298
5241004,298
90112,297
4791005,297
2563901,297
1531105,297
33201,296
4524202,296
66011,296
66033,296
2830008,296
17510,296
86959,295
1511102,295
71407,295
2330004,295
84241,293
5241005,293
2573901,293
7420202,293
221,293
17300,292
74820,292
2591002,292
8514,292
6110002,291
2932001,290
3622301,289
15710,289
6311101,289
2830016,289
1584001,288
2910004,288
31200,287
6420002,287
2893001,286
2214002,286
2312002,285
3299001,285
3821012,284
1396004,284
5115007,284
2830006,283
2651004,283
74503,282
3420104,281
3832202,281
3211001,281
9321101,281
9232202,279
6522204,276
112101,276
2830014,275
66031,274
1424001,273
2540202,273
36112,273
142004,273
5530103,273
1520001,273
86933,272
1399001,271
24421,271
2434001,271
9240001,270
3020001,270
10113,270
2829901,269
2550211,269
4524203,269
29564,269
40110,269
1392903,268
71405,268
2030001,268
75112,267
8123,266
1420001,266
8041101,266
26800,265
6712001,265
3002001,264
9329902,264
29420,264
1061002,263
8042,263
2110003,261
9213001,259
33300,258
2751002,258
2815001,258
20102,257
2813002,255
63230,255
7450103,254
5274002,254
2893005,253
9311005,253
1083002,253
5153102,253
12000,252
9220101,252
5030203,252
8695901,251
29247,251
23910,251
2922001,251
92130,250
43600,250
66013,250
9311014,249
6024203,249
4621301,247
5114001,247
8001002,246
3230004,246
3230002,246
6330102,246
4524206,246
34300,246
2059021,245
87303,245
92204,244
9262103,243
20400,243
2822002,241
2452001,241
2315002,241
4686902,240
892001,240
7140803,240
2319002,240
8001012,240
9232101,239
15890,239
1712002,239
85101,239
52495,238
6619905,238
32100,238
4633201,237
6619915,237
3012004,237
2829101,236
63403,236
3110009,236
1013003,236
8010002,236
5250201,235
4676902,235
1085004,235
5110003,235
3622401,234
8690507,234
7140801,234
51350,234
7134002,233
4799002,233
2680001,233
2830012,233
5249302,233
2670011,233
27100,231
2599902,231
1085031,231
6311102,231
5232003,230
93051,230
87204,230
32910,230
1712003,229
75115,228
2931002,228
2312003,228
1242,227
92612,227
1511003,227
2592002,227
55233,226
75111,226
7412102,226
2030107,226
92723,226
2599911,225
36300,225
2851004,224
5222003,224
75245,224
5523204,224
5110012,224
6712002,224
28620,223
7134004,223
52121,223
2740206,222
170001,221
3161004,221
51383,220
141007,220
93032,220
63402,220
98100,219
2040001,219
85330,219
6220005,219
3612101,219
20520,218
4524204,218
8030002,218
2893004,217
7420307,217
812102,217
1310002,217
2013001,217
26660,217
1051003,217
2030003,216
9261101,216
7412402,216
98200,216
31621,216
3240004,215
9211402,215
2811011,215
29430,215
85410,214
60211,214
7110002,214
3220002,213
7140804,213
17540,213
9111001,212
2851006,212
2670003,211
51240,211
17140,211
91012,211
29120,211
4712031,210
15510,210
6340503,209
74873,209
2110004,209
2740101,209
31623,208
9305,208
1396001,208
10420,206
9101101,206
7420306,206
3012003,205
2875504,205
36400,204
2053001,204
513,203
6530001,203
71220,203
2813003,202
2563904,202
5249101,202
1084002,201
3012002,201
1320004,200
5156101,200
1920001,200
2015001,200
9111002,200
4719201,200
9220201,199
2573904,199
3220003,199
5115006,198
92203,197
3002002,197
1320021,197
5221001,196
3210007,196
6023001,196
6522201,196
9212003,195
80224,195
2891001,194
4542206,194
3212201,194
93013,194
7412103,194
111010,193
5138401,193
85142,193
7140602,192
36500,192
3420101,192
1429101,192
75303,192
55231,191
5248202,191
9101102,191
2051002,191
52493,191
2932002,190
95001,190
86992,190
1721003,190
125003,189
19301,189
2640001,189
5154102,189
5138402,189
5530206,189
9220202,189
2851001,189
8695101,188
63302,188
9261301,188
5144201,187
9630202,187
1581102,187
3100301,186
9212004,186
1419102,186
20120,186
2530002,185
80304,185
2051001,185
2592001,185
51332,185
51382,184
7420204,184
5141004,184
21210,184
75220,184
74841,184
4100001,183
1740105,183
75140,183
17720,183
2224003,183
2630001,182
1582001,182
20170,182
86902,182
3103001,181
2741003,181
18100,181
3612102,180
92530,180
5121005,180
2051007,180
85109,180
7420305,180
9305304,179
2223004,179
5274007,179
2740207,179
2812002,178
35400,178
80301,178
7430202,177
9603202,177
1725001,177
51830,177
2892001,177
29530,176
3630011,176
7481,176
2923003,176
9261102,176
2814001,176
112203,176
8690504,175
3250002,175
9211302,175
1107001,175
6340502,174
3220004,174
29720,174
2812011,174
9301202,174
9699902,174
33101,173
2311001,173
1320003,173
2432001,173
201102,172
2226003,172
2051009,171
6022001,170
7430203,170
3410001,170
25400,170
2563902,170
3663013,169
5144101,169
1320011,169
7481102,169
1729001,169
2010104,168
7430205,167
2229003,167
3099001,167
2017001,166
111007,166
2815003,165
95320,165
1520103,165
2573902,165
112104,165
67110,165
7440107,164
9609911,164
3821001,164
3663012,163
40130,163
71230,163
7140601,163
5210003,162
4950001,162
80412,162
1031101,162
3831001,161
7420203,161
9253001,161
3310202,161
15860,161
2830007,160
1730001,160
6530002,160
8001011,160
2894001,160
3099002,159
910001,159
75250,158
2522002,158
122001,158
7140502,158
9699101,157
2830015,157
84210,157
5112001,157
75301,156
2529002,156
40220,156
3100302,156
1561006,155
32110,155
15121,155
142001,155
75113,154
5010,154
111009,154
2465001,154
2630011,154
6492202,153
9272302,153
3103002,153
2571001,153
43500,152
1584002,152
66012,152
5210021,151
148005,151
2651003,151
5144102,150
111006,150
1320001,150
1031103,150
149005,149
24660,149
24140,149
121002,148
2895001,147
899001,147
9609102,147
24300,147
1051006,146
1011011,146
2313001,146
2893002,146
3120002,146
2829102,145
7011305,145
9262104,145
8030001,145
5155005,145
7140201,145
3350001,145
2875101,145
2830003,145
7140202,144
7140603,144
66032,144
2921002,143
2442106,143
74860,143
3318001,142
4533,142
3650008,142
502002,142
74874,142
29710,141
15610,141
16250,140
111008,140
812101,140
9305302,140
9301104,140
9262105,140
52491,139
5153203,139
36224,139
84232,139
5152001,139
1412,138
5133102,138
91320,138
2020001,138
5112002,138
125009,138
9301201,138
3300,137
6110005,136
1628202,136
1310001,136
37210,136
1582003,135
1041001,135
33401,135
7460101,135
16120,134
5146003,134
2014001,134
2830011,134
202001,133
2740202,133
1629202,133
311003,132
2599111,132
5020,132
2030002,132
2740211,132
2599102,132
33402,132
3650001,131
2332101,130
37220,130
18241,130
9303102,129
311002,129
6713008,129
18243,128
2829301,128
2313002,128
5274003,127
2911003,127
3511007,127
5523201,127
6523201,127
19100,127
1513102,127
2013002,127
2922006,126
24460,126
9303103,126
2010102,126
21250,125
6024202,124
1320002,123
8910,123
5520101,123
40400,123
3310206,122
34100,122
9303101,122
18242,122
2892002,122
2059011,122
1511001,122
2020002,121
9609103,120
1512102,120
2211004,120
24160,120
2875505,120
1824401,120
1588001,119
92721,119
1511002,119
47813,119
5121002,119
9233,118
923,118
2442103,118
5155001,118
9321001,118
21121,118
2121001,118
2660011,117
2923005,117
2660002,117
6330103,117
29142,117
74,117
24422,116
1020003,116
2630003,116
65235,116
2923004,116
202002,116
5154103,116
85202,116
2651001,116
1020011,116
112202,115
2862001,115
9321201,114
9301105,114
5156203,114
6321003,114
9232102,114
2651002,114
9142002,113
3031004,113
3420103,113
2722003,113
17170,113
5261002,113
6523602,113
142003,112
29540,112
9112001,112
2530001,112
2851007,111
1725002,111
74876,111
9272401,111
9212002,111
5116002,110
2060001,110
3031003,110
3030005,110
33102,109
2953005,109
26150,109
112,109
701,109
2521012,109
9104202,109
2212002,109
1821001,108
3512005,108
222,108
1011005,108
2051003,108
15333,108
3340101,108
9101201,107
1754003,107
3030004,107
3720005,106
148004,106
9311004,106
3130001,106
2344001,105
1310006,105
1628201,105
149004,104
2219002,104
25130,104
95003,104
7140102,104
3832901,104
75244,104
9311012,104
3821021,104
1629201,104
1581101,103
5530104,103
2059034,103
2451102,103
71119,103
1051007,102
2051008,102
1310041,102
2615004,101
2851003,101
112102,101
2342001,101
15331,100
80213,100
2442105,100
2059013,100
1712001,100
64201,100
281,100
35420,99
31610,99
6330104,99
5152003,99
55210,99
5155003,99
6340202,99
2451202,99
7134003,98
501001,98
5138403,98
2523003,97
1512101,97
2899003,97
2894004,97
3002003,97
80221,96
26820,96
3299008,96
2894003,96
3299011,96
6110001,96
1310003,96
1011006,95
14211,95
811201,95
6030002,95
2040002,95
6603102,95
3340103,94
71,94
96400,94
2052001,94
148006,94
6603106,94
2899021,93
3511001,93
1424002,93
361,93
149006,93
4686904,93
4763102,93
40120,93
1081001,93
2416001,92
91300,92
6330201,92
15930,92
4778302,92
15320,91
1310011,91
2010105,91
9253002,91
7134006,91
321001,91
1420002,91
2593003,91
2593011,91
9232201,91
1513101,91
4676912,91
1584003,90
2665001,90
1586001,90
2851002,90
2952007,90
3630001,90
15201,89
3512001,89
2894005,89
7140501,89
29210,89
6603101,89
24151,89
36222,88
5146001,88
65233,88
1740202,88
3710004,88
6603104,88
201202,88
5249802,87
2521011,87
2224004,87
5121003,87
5138405,87
26130,87
8041,87
2661002,87
16270,87
29241,86
3120001,86
1310005,86
6603108,86
28403,86
2223011,86
74910,85
1310031,85
2430003,85
15980,85
4030002,84
24110,84
5274008,83
6619907,83
6619917,83
112103,83
6603105,83
29110,83
3230001,82
3663011,82
3032001,82
9220302,82
1740102,82
3030001,81
3542001,81
32201,81
6340201,81
2911001,81
33500,81
7430204,80
5138404,80
2922004,80
4612003,80
9303,80
24512,80
6603109,79
3150201,79
29563,79
26211,79
3511008,79
74602,79
2894002,79
8920,79
15870,78
6023002,78
15910,78
2452002,78
1920004,78
30010,78
66020,78
7290,78
2621201,78
2051004,77
28751,77
6323005,77
6322002,77
52115,77
5152002,77
92332,77
2540002,77
2442104,77
1551006,76
5138406,76
2524003,76
29520,76
2953001,76
15311,76
31622,75
24511,75
75116,75
2873004,75
2921001,75
6603107,75
5156201,75
4778904,75
2414008,74
2011001,74
33202,74
2441002,74
2871001,74
2040003,74
1571001,73
32202,73
8041201,73
28730,73
4778912,73
26212,72
5134002,72
1512103,72
2051005,72
18210,72
3640002,72
15880,72
86102,72
2465002,72
2112105,72
7482003,72
2940201,72
3340102,71
24130,71
2012001,71
1598002,71
1588004,71
6713002,71
2665002,71
2972002,71
1561001,71
1588008,71
3710003,70
2924701,70
2314001,70
28752,70
47622,70
27220,70
1011007,70
1200001,69
9271003,69
86965,69
6603103,69
4614007,69
2960103,69
2332202,69
1310007,69
2417001,68
1011004,68
1591002,68
26620,68
1310042,68
1031201,68
29245,68
2912004,67
28710,67
1081002,67
75233,67
2914202,67
5132202,66
26640,66
29410,66
1589001,65
2332211,65
6523605,65
3150205,65
26402,65
15720,64
15850,64
3710005,64
1588005,64
9271002,64
1588007,64
7482002,64
2863002,64
1730002,64
2232001,64
1551005,63
2211003,63
3511004,63
4350002,63
14122,63
1588009,63
1588006,63
65223,62
6021202,62
2922005,62
2399001,62
6411005,62
2932102,62
56400,62
31501,62
2014002,62
1920002,62
2862004,61
6323003,61
4030001,61
3031002,61
75241,61
2211002,61
5156202,61
1531101,60
2413001,60
17600,60
1200002,60
201104,60
2352001,60
2932103,60
29242,60
5530102,60
3030003,60
9220301,59
6322001,59
2621101,59
1588003,59
6311,59
36620,59
86962,59
1310004,59
28753,58
2452004,58
31300,58
2399003,58
1310021,57
2462003,57
2875506,57
3031001,57
5249,57
35500,57
2861001,57
53300,57
6330202,57
125002,57
3030002,56
29141,56
6522202,56
1712004,56
36150,56
3622302,56
21122,55
3622403,55
75210,55
70,54
1587001,54
1712011,54
2626001,54
9220102,54
28741,54
2873003,54
3310201,54
7100,54
3011001,54
15112,54
29602,54
6713005,53
811211,53
17520,53
3161005,53
7460201,52
113005,52
15950,52
2013003,52
5250203,52
3210008,52
1740101,52
3710002,51
2212001,51
2452009,51
3615002,50
5523102,50
3230008,50
26403,50
4765003,50
620002,50
28720,50
2011002,50
15332,50
2932107,49
2332201,49
40300,49
34202,49
6322004,49
9303203,49
2219001,49
2662001,49
1531103,49
9303104,48
15132,48
6220003,48
2051006,48
5114003,48
6602001,48
26650,48
3520006,48
2924501,48
95400,48
30400,48
1930103,47
65110,47
2899011,47
35200,46
2612001,46
3110007,46
6323004,46
8041102,46
2682004,46
3511002,46
1551001,46
4778903,46
9305303,46
15830,46
3622202,46
2912003,46
55400,46
3130002,46
2414001,46
2613004,46
1511011,45
2052003,45
9303202,45
1511004,45
6110004,45
2470001,45
2461001,45
2932104,45
1824301,45
501006,45
2956406,45
29510,45
9251004,45
46890,44
4612004,44
6024204,44
2059012,44
3230006,44
7484101,44
2059033,44
2521002,44
60300,44
6713006,44
29562,44
75232,44
7140802,44
125001,44
2922003,44
2430001,43
6420005,43
2059032,43
1531202,43
2955001,43
741,43
2640304,43
80212,43
2013004,42
3630005,42
1031102,42
85610,42
631,42
29243,42
6321004,42
24700,42
28610,42
27422,41
142002,41
2914206,41
5523101,41
3640009,41
2875503,41
9303201,41
2621202,40
1824302,40
1930101,40
3150206,40
2413003,40
6602002,40
2956408,40
1717001,40
77510,40
64220,40
24630,40
51250,40
85102,40
9251003,40
2451201,40
5244,39
125005,39
14500,39
21230,39
7450104,39
2872001,38
2212003,38
1520102,38
2924101,38
1511106,38
3550002,38
3320212,38
15122,38
29561,38
4685104,38
4675112,38
2219003,37
21220,37
9301106,37
1011003,37
15940,37
2912002,37
1594001,37
86991,37
3410002,37
80223,37
3210003,37
17710,36
2862005,36
85106,36
86970,36
1830002,36
24650,36
3542002,36
3622203,35
5523301,35
3511003,35
3420202,35
15411,35
2315001,35
2319001,35
2040004,35
1532002,35
2874301,35
1740203,35
26260,35
1593001,34
1533304,34
3520005,34
18300,34
2352002,34
14212,34
2625002,34
7450105,34
29130,34
1717002,34
8041202,34
2524002,34
7411,34
80102,34
1520101,33
1587003,33
35160,33
2640301,33
1513202,33
2972001,33
1012004,33
2862002,33
3630002,33
2952001,33
2352011,33
1716002,33
40210,33
2121005,33
7460202,33
1421202,33
1511104,33
2059035,32
3650005,32
9251001,32
3310203,32
6200,32
3299002,32
25520,32
2954001,32
85145,32
2871002,32
8930,32
1751001,31
24620,31
2112202,31
502003,31
7414,31
27540,31
16000,31
7430206,31
80303,31
1533102,31
122004,30
3650007,30
3150101,30
91311,30
125004,30
2922002,30
1824402,30
1533302,30
27452,30
8532301,30
2613003,30
1551010,30
6100,30
4664901,30
31400,30
29246,30
2722002,30
3430001,30
3320201,30
2612002,29
2121002,29
6024,29
85105,29
3720003,29
7460104,29
26140,29
2621102,29
3420201,29
37230,29
1520203,29
3512004,29
3140001,29
3720001,29
9233201,28
4669901,28
15312,28
2441003,28
3162306,28
2613002,28
15620,28
2463001,28
1520201,28
1711002,28
501002,28
27530,27
141,27
2932105,27
21240,27
2466003,27
2913001,27
3621002,27
9261302,27
7460103,27
2914201,27
1754005,27
6110003,27
3430002,27
3663003,27
3511009,27
3230005,26
2540001,26
14121,26
9213002,26
2951001,26
1711001,26
27432,26
927,26
15970,26
2462001,26
26250,26
3110002,26
1740205,26
4765002,26
3541001,26
80215,25
2932101,25
27431,25
2411001,25
28743,25
24120,25
9000305,25
80305,25
3420203,25
28742,25
3512003,25
35410,25
3615001,25
1513201,24
6322005,24
2971006,24
6322003,24
1511105,24
9261304,24
1595001,24
1551007,24
1585001,24
10112,24
2615001,24
5100,24
2875401,23
7484801,23
2523002,23
2523004,23
1598003,23
6522203,23
3650002,23
3320211,23
7450201,23
2414012,23
26401,23
660,23
3650006,23
3150202,23
9253003,23
1821002,23
26810,22
3663009,22
3430003,22
27210,22
24152,22
1586002,22
3320203,22
510001,22
3530007,22
2682002,22
2121003,22
15202,22
3420204,22
19302,22
2924301,22
1598001,22
77520,22
1551009,21
27410,21
1561005,21
9272301,21
2682007,21
4685103,21
3720004,21
2953002,21
6523603,21
1754001,21
3110004,21
2412001,21
27340,20
3340204,20
80302,20
1412201,20
3550001,20
9251002,20
113006,20
3110005,20
2125001,20
4675111,20
1571003,20
3220106,20
3210006,20
2875103,20
2872003,20
1754002,20
3512002,20
2873001,20
3162301,20
3220104,20
1551002,20
24640,20
6411002,20
5227,20
1512104,20
4100002,19
3320,19
2924103,19
2612003,19
811203,19
3340202,19
811221,19
29550,19
2466002,19
1110004,19
1511107,19
91319,19
1910002,19
5530,19
86964,19
1591001,19
27421,19
1120001,19
2953006,19
1584006,19
3410006,19
35430,19
38220,19
29244,19
2960102,19
3110003,19
3622201,19
3230009,19
10100,19
1542001,18
6030001,18
64320,18
3530009,18
2121004,18
2953009,18
2112102,18
3640012,18
2613001,18
1830001,18
1571002,18
2971008,18
3320209,18
1600002,18
11200,18
3162305,18
3630006,18
748,18
1520202,18
2442201,18
3220107,18
1754006,17
3161001,17
6321001,17
4542207,17
1589005,17
3220201,17
5155004,17
2524004,17
451,17
3162303,17
2442202,17
26230,17
1586006,17
2710104,17
3230007,17
1830004,17
2954012,17
17150,17
3541004,17
7210,16
1120004,16
1715004,16
2052002,16
17530,16
27500,16
10119,16
5523203,16
2452005,16
1533301,16
2615005,16
3150207,16
2441006,16
1551003,16
26530,16
1030002,16
2862003,16
2914203,16
2952006,16
2954013,16
15420,16
2911002,16
2874101,16
27451,15
3530008,15
2123006,15
2464001,15
21110,15
2956101,15
80219,15
3110006,15
3001004,15
125008,15
2524001,15
3410005,15
3162302,15
3350002,15
3650003,15
2875102,15
8531,15
1714002,15
17130,15
3320208,15
1541101,15
3161002,15
3350003,15
24170,15
3320206,15
1421201,15
1533101,15
2430002,14
5249102,14
3001003,14
2875502,14
2466010,14
2721002,14
15920,14
2451104,14
1600001,14
150003,14
2914204,14
3650004,14
7020,14
3210004,14
9000306,14
29601,14
3630007,14
2413006,14
2874102,14
6323001,14
526,14
3320204,14
2399011,14
2399004,14
2924705,14
2411004,14
1910004,14
2875507,14
6713007,14
5511001,14
36210,14
2862006,14
2861002,14
5133,14
2451203,13
3220102,13
14300,13
3511005,13
1595002,13
2875508,13
26240,13
3220203,13
2452003,13
2452008,13
9305301,13
1587002,13
15412,13
3530003,13
2954009,13
3210002,13
1930202,13
2722001,13
9301,12
3340201,12
3220202,12
23300,12
80222,12
2442101,12
26220,12
300,12
2121006,12
3320207,12
1589007,12
502001,12
620001,12
2442102,12
1551008,12
3140002,12
1593002,12
3340205,12
2924302,12
1531102,12
2914205,12
3210001,12
2640302,12
5151002,12
3410003,12
2932106,12
3650009,11
1120005,11
2921003,11
125007,11
2875501,11
125006,11
80309,11
1583002,11
2513013,11
1754004,11
27442,11
2413005,11
2059002,11
2513005,11
3543002,11
2513003,11
2971005,11
3420,11
2320003,11
2463004,11
3340203,11
2414009,10
3310204,10
2741007,10
2875402,10
2754002,10
2626003,10
3310207,10
6523604,10
1598006,10
2452006,10
2451204,10
3543001,10
3001002,10
2451205,10
2320004,10
2873002,10
811212,10
86993,10
2625001,10
2124001,10
3320205,10
1300002,10
3320210,10
3630003,10
2463003,10
811202,10
1511103,10
3630009,10
2416004,10
6323002,10
3210005,10
3520004,10
9000304,10
1586004,10
3663008,10
2924102,10
3640006,10
11100,10
2742201,10
2753001,10
2123007,9
15430,9
2742202,9
2112106,9
2952011,9
1752001,9
1533303,9
1587004,9
1533202,9
2924502,9
3630010,9
1740104,9
2124002,9
2466008,9
1531104,9
1920003,9
454,9
2414007,9
2452007,9
2741001,9
2874302,9
2872002,9
2451101,9
2743202,9
3541002,9
1930102,9
3622402,9
3530004,9
3630008,9
17160,9
4544,9
2463002,9
1740204,9
2320002,9
2956102,8
2462002,8
1830005,8
2614001,8
2956403,8
2123001,8
1740103,8
2952003,8
7484,8
157,8
90030,8
24610,8
2875104,8
2416007,8
5523302,8
2430005,8
2721001,8
2953003,8
2411005,8
1930201,8
2681001,8
1754009,8
2615006,8
2956402,8
1822,8
1754011,8
9000,8
501003,8
2414004,8
3310205,8
3663010,8
1561002,8
2615002,8
2753002,8
1532001,8
925,8
1598004,8
2952005,8
6021203,8
3640005,8
1120006,8
2059003,7
5147,7
2466004,7
2052004,7
2682003,7
2461003,7
1531201,7
2451103,7
1752002,7
14,7
2320006,7
2626004,7
1910003,7
2430008,7
1754010,7
7415,7
2513002,7
3511006,7
1010002,7
80109,7
2744201,7
2414005,7
2320005,7
2414010,7
2956401,7
1533201,7
3663007,7
33180,7
2913003,7
2952010,7
1589002,7
2466001,7
3150103,7
1754008,7
1541102,7
2411002,7
80306,7
3410004,7
1584005,7
2952002,7
3340206,7
1754012,7
1598007,6
2743102,6
1120003,6
2924702,6
2125002,6
5132,6
2682001,6
1598008,6
7430,6
2414002,6
2752002,6
2466007,6
2953008,6
2430007,6
2955003,6
5540,6
1520,6
2466009,6
1752003,6
510002,6
1754013,6
2953007,6
3520002,6
2414011,6
3630004,6
1714001,6
2513006,6
3640004,6
2745202,6
13000,6
2615007,6
3320202,6
3520001,6
2955002,6
2742203,6
703,6
1725003,6
49120,6
2416002,5
523,5
1300001,5
2743201,5
80105,5
2112103,5
2430006,5
2971007,5
80226,5
1543001,5
1551004,5
1588002,5
35240,5
2416003,5
24,5
2744202,5
3520003,5
2953004,5
7483,5
853,5
4542,5
1594002,5
27441,5
2741006,5
3640011,5
2954010,5
1430004,5
2954011,5
7011,5
2413007,5
2952012,5
2413004,5
212,5
3530006,5
2913002,5
1430001,5
3340209,5
804,5
2123005,5
2682006,5
1561004,5
2112107,5
87910,5
1583003,5
1412205,5
175,5
3640001,5
3663014,5
6512,5
2751004,5
177,5
3220105,5
1562001,5
3150102,5
2513010,5
3220101,5
2615008,4
62300,4
1596001,4
2741005,4
2741002,4
2741004,4
9231,4
1716001,4
2952004,4
2971003,4
3530005,4
3340208,4
2513001,4
1542002,4
3640007,4
3161003,4
2971004,4
1584004,4
5200,4
1562004,4
1,4
1592001,4
17,4
7420,4
3530010,4
2971002,4
2640303,4
2112101,4
2414006,4
2952009,4
2952008,4
3541003,4
2414003,4
1030003,4
1110003,4
2626002,4
652,4
2513007,4
2121007,4
150002,4
2310001,4
9233202,4
16260,4
80216,4
2956404,4
80225,4
29,3
1589006,3
2010,3
3340210,3
2956405,3
3340207,3
1830003,3
211,3
5170001,3
2310002,3
2125005,3
96000,3
2430004,3
5262,3
2626005,3
150004,3
2954008,3
2956407,3
2960104,3
3150104,3
316,3
2681002,3
2960101,3
1541201,3
1589004,3
2924706,3
1440001,3
2621,3
5243,3
501005,3
501004,3
1110005,3
2614002,3
1585002,3
3640010,3
3663005,3
246,3
3663004,3
2416005,3
2742104,3
3640008,3
516,3
2123004,3
2751003,3
2513004,3
1754007,3
1715003,3
9302,3
2924,3
3662001,3
6230001,3
3220103,3
2682005,3
2924703,2
2924704,2
1598005,2
1592002,2
2745103,2
2954005,2
2940,2
241,2
1561003,2
2310003,2
1586003,2
2466005,2
1030001,2
926,2
632,2
3530011,2
1589003,2
1583005,2
1562002,2
2441004,2
2615003,2
2112,2
3663006,2
1010003,2
2513008,2
3162304,2
713,2
5154,2
366,2
1713002,2
28970,2
2123003,2
1520105,2
2743101,2
261,2
182,2
1562003,2
2466006,2
1715002,2
2954007,2
7412,2
1583001,2
49340,2
3640003,2
40,2
154,2
2754001,2
1715001,2
1010004,2
2951002,2
27101,2
2614003,2
15,2
74831,2
151,2
10300,2
73,2
512,2
515,2
2125004,2
2744203,2
66121,2
1740,2
2744204,2
7440,2
2411006,2
2411003,2
14400,2
1541202,2
502004,2
5030,2
2413002,2
11,2
30320,2
2112201,2
5153,2
29404,2
23,2
90001,1
2742103,1
2742101,1
1412204,1
3621001,1
3662002,1
2466011,1
2441005,1
1412203,1
23100,1
2742102,1
74842,1
2112104,1
2954014,1
1110002,1
2125003,1
2417002,1
2513011,1
2513009,1
2513012,1
1713001,1
2954003,1
1713003,1
2954002,1
1200003,1
27102,1
27103,1
2470002,1
1110008,1
27104,1
8531501,1
2954004,1
2412002,1
3611201,1
2954006,1
90002,1
2914,1
74845,1
6230002,1
552,1
6330,1
9305201,1
7483201,1
3663001,1
2461002,1
3150,1
262,1
5123001,1
6523401,1
2745201,1
1520104,1
911,1
6021,1
524,1
2875,1
4543101,1
293,1
5147601,1
351,1
1910001,1
4521,1
74844,1
2940401,1
1543002,1
5250101,1
6411004,1
155,1
7413,1
9232,1
5139,1
2461004,1
1440003,1
2123002,1
1583004,1
2960105,1
7032,1
1562006,1
282,1
21,1
5242,1
5248,1
4524,1
6603,1
2744102,1
1531,1
5211,1
453,1
514,1
9220,1
6522,1
1010001,1
8010,1
27,1
34,1
75243,1
85,1
64924,1
